{"schemaVersion":"1.0","appDefinitionTemplate":{"id":"/providers/Microsoft.PowerApps/apps/","type":"Microsoft.PowerApps/apps","tags":{"primaryDeviceWidth":"640","primaryDeviceHeight":"1136","sienaVersion":"20210518T170508Z-3.21051.28.0","deviceCapabilities":"webcam,location","supportsPortrait":"true","supportsLandscape":"false","primaryFormFactor":"Phone","publisherVersion":"3.21051.28","minimumRequiredApiVersion":"2.2.0","hasComponent":"false","hasUnlockedComponent":"false","isUnifiedRootApp":"false"},"properties":{"appVersion":"2021-05-18T17:05:08Z","lifeCycleId":"Published","createdByClientVersion":{"major":3,"minor":21051,"build":28,"revision":0,"majorRevision":0,"minorRevision":0},"minClientVersion":{"major":3,"minor":21051,"build":28,"revision":0,"majorRevision":0,"minorRevision":0},"backgroundColor":"rgba(0, 138, 0, 1)","backgroundImageUri":"/9849582632028770841/Ne55a17a4-3276-40f2-b75f-d85c26ce575e-logoSmallFile","displayName":"AILearning","description":"","commitMessage":"","appUris":{"documentUri":{"value":"/9849582632028770841/Na7545fe1-b8bc-4cf6-b029-b6dd13b18e5b-document.msapp"},"imageUris":[]},"createdTime":"0001-01-01T00:00:00Z","lastModifiedTime":"0001-01-01T00:00:00Z","sharedGroupsCount":0,"sharedUsersCount":0,"icons":{"smallIconUri":"/9849582632028770841/Na60e0529-5830-4951-9f8a-3401ed8cefb1-small.png","mediumIconUri":"/9849582632028770841/Nf76c0467-cb4b-430a-8e40-45a5f549d969-medium.png","largeIconUri":"/9849582632028770841/N50f0c688-269c-4dc8-a4d1-e3cffde2a92c-large.png","wideIconUri":"/9849582632028770841/N98594ef0-b158-45de-8b50-cd9de54fc551-wide.png"},"connectionReferences":{"b993da28-817e-434e-94f4-e151f4abee72":{"id":"9f15bb22-ad08-49f9-b644-a07d9b347396","displayName":"Bing Maps","iconUri":"https://connectoricons-prod.azureedge.net/releases/v1.0.1461/1.0.1461.2397/bingmaps/icon.png","dataSources":["BingMaps"],"dependencies":[],"dependents":[],"parameterHints":{},"isOnPremiseConnection":false,"sharedConnectionId":"f1044e69-df5e-4d8e-a608-0896969db183","dataSets":{},"apiTier":"Standard","isCustomApiConnection":false,"actions":["GetRoute"]},"c93b6690-ccb8-44c5-bdfc-65f7ffc96315":{"id":"0145060e-31fc-4e5d-8392-ce62cd128121","displayName":"Custom Vision","iconUri":"https://connectoricons-prod.azureedge.net/releases/v1.0.1420/1.0.1420.2245/cognitiveservicescustomvision/icon.png","dataSources":["CustomVision"],"dependencies":[],"dependents":[],"parameterHints":{},"isOnPremiseConnection":false,"sharedConnectionId":"0e46c9f5-60d5-42fa-8e92-1f054e21fcfd","dataSets":{},"apiTier":"Standard","isCustomApiConnection":false,"actions":["PredictImage"]},"918d39e4-ed2a-4621-9154-9755b936baff":{"id":"9abdf22d-e69e-4c96-b2be-2a59a5ee3032","displayName":"Computer Vision API","iconUri":"https://connectoricons-prod.azureedge.net/releases/v1.0.1462/1.0.1462.2398/cognitiveservicescomputervision/icon.png","dataSources":["ComputerVisionAPI"],"dependencies":[],"dependents":[],"parameterHints":{},"isOnPremiseConnection":false,"sharedConnectionId":"074625a4-24ac-42ae-9489-7dc3e3e26b89","dataSets":{},"apiTier":"Standard","isCustomApiConnection":false,"actions":["DescribeImageContentV2"]},"129caf79-a98d-4309-86f0-c82f3632857b":{"id":"f1d4ac28-6e35-4d1d-8449-efd963e4ee59","displayName":"Microsoft Translator","iconUri":"https://connectoricons-prod.azureedge.net/releases/v1.0.1445/1.0.1445.2347/microsofttranslator/icon.png","dataSources":["MicrosoftTranslator"],"dependencies":[],"dependents":[],"parameterHints":{},"isOnPremiseConnection":false,"sharedConnectionId":"03ad2fcb-0ed1-455f-9f04-5c0a0af8d336","dataSets":{},"apiTier":"Standard","isCustomApiConnection":false,"actions":["TextToSpeech","Translate"]}},"databaseReferences":{},"almMode":"Environment","performanceOptimizationEnabled":true,"canConsumeAppPass":true,"executionRestrictions":{"isTeamsOnly":false,"dataLossPreventionEvaluationResult":{"status":"Compliant","lastEvaluationDate":"2021-05-18T17:05:18.5509878Z","violations":[],"violationsByPolicy":[],"violationErrorMessage":"The app uses the following connectors: shared_bingmaps, shared_cognitiveservicescustomvision, shared_cognitiveservicescomputervision, shared_microsofttranslator."}}},"isAppComponentLibrary":false,"appType":"ClassicCanvasApp","appComponents":[]}}